<configuration>

  <property name="LOG_PATH" value="logs"/>
  
  <appender name="STDOUT" class="ch.qos.logback.core.ConsoleAppender">
  <filter class="ch.qos.logback.classic.filter.ThresholdFilter">
        <level>INFO</level>
    </filter>
    <layout class="ch.qos.logback.classic.PatternLayout">
        <Pattern>
            %d{yyyy-MM-dd HH:mm:ss} %-5level - %msg%n
        </Pattern>
    </layout>
  </appender>

  <!-- Create file INFO log by Daily -->
  <appender name="FILE-INFO" class="ch.qos.logback.core.rolling.RollingFileAppender">
    <file>${LOG_PATH}/logFileInfo.log</file>
    <rollingPolicy class="ch.qos.logback.core.rolling.TimeBasedRollingPolicy">
      <!-- daily rollover -->
      <fileNamePattern>${LOG_PATH}/backup/logFileInfo.%d{yyyy-MM-dd}.%i.log</fileNamePattern>
      <timeBasedFileNamingAndTriggeringPolicy
          class="ch.qos.logback.core.rolling.SizeAndTimeBasedFNATP">
          <!-- or whenever the file size reaches 50MB -->
        <maxFileSize>100MB</maxFileSize>
      </timeBasedFileNamingAndTriggeringPolicy>
      <!-- keep 30 days' worth of history -->
      <maxHistory>30</maxHistory>
    </rollingPolicy>
    
    <filter class="ch.qos.logback.classic.filter.LevelFilter">
        <level>INFO</level>
        <!--output messages of exact level only -->
        <onMatch>ACCEPT</onMatch>
        <onMismatch>DENY</onMismatch>
    </filter>
    <encoder>
    	<pattern>%d{HH:mm:ss.SSS}%thread%level%logger%line%msg</pattern>
    </encoder>

  </appender> 
  
  <!-- Create file ERROR log by Daily -->
  <appender name="FILE-ERROR" class="ch.qos.logback.core.rolling.RollingFileAppender">
    <file>${LOG_PATH}/logFileError.log</file>
    <rollingPolicy class="ch.qos.logback.core.rolling.TimeBasedRollingPolicy">
      <!-- daily rollover -->
      <fileNamePattern>${LOG_PATH}/backup/logFileError.%d{yyyy-MM-dd}.%i.log</fileNamePattern>
      <timeBasedFileNamingAndTriggeringPolicy
          class="ch.qos.logback.core.rolling.SizeAndTimeBasedFNATP">
          <!-- or whenever the file size reaches 50MB -->
        <maxFileSize>100MB</maxFileSize>
      </timeBasedFileNamingAndTriggeringPolicy>
      <!-- keep 30 days' worth of history -->
      <maxHistory>30</maxHistory>
    </rollingPolicy>
    
    <filter class="ch.qos.logback.classic.filter.LevelFilter">
        <level>ERROR</level>
        <!--output messages of exact level only -->
        <onMatch>ACCEPT</onMatch>
        <onMismatch>DENY</onMismatch>
    </filter>
    
    <encoder>
    	<pattern>%d{HH:mm:ss.SSS}%thread%level%logger%line%msg</pattern>
    </encoder>

  </appender> 

  <root level="INFO">
    <appender-ref ref="STDOUT" />
    <appender-ref ref="FILE-INFO" />
    <appender-ref ref="FILE-ERROR" />     
  </root>

</configuration>